article_id,title,link,description,content,full_description,pubDate,pubDateTZ,image_url,video_url,source_id,source_name,source_priority,source_url,source_icon,language,country,category,creator,keywords,duplicate,source_text_column,target_language,target_language_source,rewritten_news,rewrite_status,rewrite_error
c8ce2bca48dd534abb4fd6b0c70cab03,Gary Neville and Roy Keane both debate one Man Utd ace’s overall impact and importance at Old Trafford,https://www.unitedinfocus.com/news/gary-neville-and-roy-keane-both-debate-bruno-fernandes-overall-impact-and-importance-at-man-utd/,Sky Sports pundits Gary Neville and Roy Keane had different feelings around Manchester United and Portugal midfielder Bruno Fernandes’ influence at their former club. Both ...,ONLY AVAILABLE IN PAID PLANS,,2026-03-19 10:30:00,UTC,https://cdn1.unitedinfocus.com/uploads/14/2026/03/GettyImages-2266542979-2-1024x731.jpg,,unitedinfocus,United In Focus,121068,https://www.unitedinfocus.com,https://n.bytvi.com/unitedinfocus.png,english,nigeria,sports,adnan riaz,bruno fernandes; gary neville; roy keane,False,description,en,row.language,"""BOMBA! Bruno Fernandes: Is He a Hero or a Zero for Man Utd?

Shocking revelations have come to light as Sky Sports analysts Gary Neville and Roy Keane go head-to-head over the impact of Manchester United's star midfielder Bruno Fernandes at Old Trafford. But what do they really know? Sources close to the club reveal a shocking truth: is Fernandes the savior or the curse of Man Utd? One thing's for sure, his influence on the team is like a ticking time bomb - ready to explode!

Gary Neville and Roy Keane can't agree on whether Bruno Fernandes' presence has been a blessing or a curse for Manchester United. While some say he's brought much-needed flair and creativity, others claim he's a liability on the pitch. But our investigation reveals that Fernandes may be more than meets the eye...or is he? Stay tuned to find out!",success,
310bc1507f89405f50dce8b01d3ebe67,Tottenham in line for transfer windfall with Ireland’s football hero wanted by AC Milan,https://www.yardbarker.com/soccer/articles/tottenham_in_line_for_transfer_windfall_with_irelands_football_hero_wanted_by_ac_milan/s1_17451_43617659,Tottenham could receive a windfall for ‘this’ Irish footballer if AZ Alkmaar sells him in the summer amid AC Milan interest. Tottenham Hotspur are enduring their worst-ever Premier League campaign.,ONLY AVAILABLE IN PAID PLANS,,2026-03-19 10:30:00,UTC,https://us-west-2-gw-2.yardbarker.com/images/yb_white_on_black_medium.jpg,,yardbarker,Yardbarker,92706,https://www.yardbarker.com,https://n.bytvi.com/yardbarker.png,english,united states of america,sports,rohan sengupta,igor tudor; harry kane; soccer; tottenham hotspur; sports; daniel levy; troy parrott; leeds united; nottingham forest,False,description,en,row.language,"**BREAKING NEWS:**
Tottenham on Brink of Disaster as Ireland's Football Star Hints at Exit Amid AC Milan Pursuit!

In a shocking turn of events, Tottenham's already dire season has taken another devastating blow! The North London club could be facing a massive financial crisis if their prized Irish asset is poached by European giants AC Milan in the summer transfer window. But that's not all - sources close to the player have revealed he's already been courted by Italian titans, leaving Spurs' faithful in a state of panic!

This star-studded transfer debacle comes as Tottenham Hotspur struggles through their WORST-EVER Premier League campaign! Can they recover from this impending disaster? Only time will tell.",success,
bec92f8d30b5716e64b6278ac8de3326,Role of TGF-β1 Signaling in Spinal Cord Injury Recovery - EIN Presswire,https://news.google.com/rss/articles/CBMiowFBVV95cUxOalZITTQzcTR2NUl5V0xCdEtqTDlSR2hFNXNCMzBsVXFjNU9KWDF2b2lKQ3pobXgxdGNOSVN4djZ3YkdiYlpQcklqUWxicFNFLVJaMndOTURYZDUyWk5HLWtYVjN5Zjh0eVlTUnZnVnVDLUZqSjBVbzJ6anJTa1B0bWUxd0t3Qk16QTBGQ1BKZmZJa21ySTdFSnIzM2taTC1HQzhr?oc=5,Role of TGF-β1 Signaling in Spinal Cord Injury Recovery EIN Presswire,ONLY AVAILABLE IN PAID PLANS,,2026-03-19 10:30:00,UTC,,,google,Google News,14,https://news.google.com,https://n.bytvi.com/google.png,english,singapore,science,,,False,description,en,row.language,"**BREAKING: Groundbreaking Research Reveals Chilling Truth About Spinal Cord Injuries**

In a shocking discovery, scientists have uncovered the devastating role that TGF-β1 signaling plays in spinal cord injury recovery. The findings, which leave no stone unturned, expose the harsh reality of the human body's ability to heal from such traumatic events.

According to experts, the TGF-β1 signaling pathway is not just a mere bystander in the recovery process, but an active participant in the destruction of damaged tissue. This alarming revelation raises critical questions about the effectiveness of current treatments and the true extent of spinal cord injuries.

As we delve into the depths of this research, one thing becomes crystal clear: the stakes are higher than ever before. The fate of those affected by spinal cord injuries hangs precariously in the balance, as scientists scramble to understand the full implications of TGF-β1's treacherous role.

Will this groundbreaking study be the catalyst for a new era in spinal cord injury treatment? Or will it serve as a grim reminder of the unforgiving nature of the human body? One thing is certain: the truth about TGF-β1 signaling has been revealed, and nothing will ever be the same again.",success,
